{
  "num_users": 1,
  "per_user": [
    {
      "user_id": "user_050",
      "task_completion_rate": 1.0,
      "reconstruction": {
        "skill_memory": 0.6785714285714286,
        "knowledge_memory": 0.2857142857142857,
        "episodic_memory": 0.10714285714285714,
        "self_model": 0.35,
        "assistance_preference": 0.8,
        "overall": 0.4442857142857143
      },
      "avg_turns_all": 2.5161290322580645,
      "avg_turns_satisfied": 2.5161290322580645,
      "avg_preference_score": 4.505128205128204,
      "num_memories": 456,
      "avg_memory_chars": 1008.1907894736842
    }
  ],
  "aggregate": {
    "A_task_completion_rate": {
      "mean": 1.0,
      "std": 0.0
    },
    "B_reconstruction": {
      "mean": {
        "knowledge_memory": 0.2857142857142857,
        "skill_memory": 0.6785714285714286,
        "episodic_memory": 0.10714285714285714,
        "self_model": 0.35,
        "overall": 0.4442857142857143,
        "assistance_preference": 0.8
      },
      "std": {
        "knowledge_memory": 0.0,
        "skill_memory": 0.0,
        "episodic_memory": 0.0,
        "self_model": 0.0,
        "overall": 0.0,
        "assistance_preference": 0.0
      }
    },
    "C_avg_turns_all": {
      "mean": 2.5161290322580645,
      "std": 0.0
    },
    "C_avg_turns_satisfied": {
      "mean": 2.5161290322580645
    },
    "D_preference_score": {
      "mean": 4.505128205128204,
      "std": 0.0
    },
    "E_memory_footprint": {
      "num_memories": {
        "mean": 456.0,
        "std": 0.0
      },
      "avg_memory_chars": {
        "mean": 1008.1907894736842,
        "std": 0.0
      }
    }
  }
}